TIME,SELLING,BUYING,scrape
2022-08-20 08:00:00,254800.0,251300.0,2022-08-21 00:38:18.604997+08:00
2022-08-21 08:00:00,254800.0,251300.0,2022-08-22 07:27:11.967118+08:00
2022-08-22 09:15:00,253900.0,250400.0,2022-08-22 10:30:18.236450+08:00
2022-08-22 10:45:00,254200.0,250700.0,2022-08-22 12:35:45.913441+08:00
2022-08-22 12:59:00,253600.0,250100.0,2022-08-22 15:23:54.504848+08:00
2022-08-22 15:32:00,252900.0,249400.0,2022-08-22 18:29:41.708330+08:00
2022-08-23 09:20:00,253100.0,249600.0,2022-08-23 13:58:21.431950+08:00
2022-08-23 14:29:00,252700.0,249200.0,2022-08-24 08:50:41.438976+08:00
2022-08-24 09:15:00,253900.0,250400.0,2022-08-25 09:10:26.722469+08:00
2022-08-25 09:24:00,255000.0,251500.0,2022-08-26 09:10:27.847292+08:00
2022-08-26 10:00:00,254300.0,250800.0,2022-08-26 11:10:28.662596+08:00
2022-08-26 11:45:00,254800.0,251300.0,2022-08-26 15:10:28.069511+08:00
2022-08-26 15:31:00,254400.0,250900.0,2022-08-26 18:10:29.870049+08:00
2022-08-27 08:00:00,254400.0,250900.0,2022-08-27 23:59:31.008952+08:00
2022-08-28 08:00:00,254400.0,250900.0,2022-08-29 09:10:38.361526+08:00
2022-08-29 09:47:00,251100.0,247600.0,2022-08-29 12:10:31.283619+08:00
2022-08-29 12:51:00,250500.0,247000.0,2022-08-29 13:10:28.163447+08:00
2022-08-29 13:45:00,250900.0,247400.0,2022-08-30 09:10:38.983698+08:00
2022-08-30 09:14:00,252800.0,249300.0,2022-08-30 10:10:36.594209+08:00
2022-08-30 11:09:00,252500.0,249000.0,2022-08-30 14:00:37.707110+08:00
2022-08-30 14:21:00,252100.0,248600.0,2022-08-30 15:00:38.446264+08:00
2022-08-30 15:28:00,251300.0,247800.0,2022-08-30 16:00:34.734866+08:00
2022-08-31 08:00:00,251300.0,247800.0,2022-08-31 16:00:38.033496+08:00
2022-09-01 09:27:00,248100.0,244600.0,2022-09-01 10:00:38.472195+08:00
2022-09-01 10:10:00,247500.0,244000.0,2022-09-01 11:00:38.996008+08:00
2022-09-01 11:11:00,247900.0,244400.0,2022-09-01 14:00:37.699104+08:00
2022-09-01 13:59:00,248300.0,244800.0,2022-09-01 16:00:35.476673+08:00
2022-09-02 09:14:00,247000.0,243500.0,2022-09-02 14:00:34.564838+08:00
2022-09-02 14:03:00,247400.0,243900.0,2022-09-02 15:00:39.116427+08:00
2022-09-02 15:43:00,247700.0,244200.0,2022-09-03 08:00:34.911779+08:00
2022-09-03 08:00:00,247700.0,244200.0,2022-09-04 08:00:34.159702+08:00
2022-09-05 09:35:00,249200.0,245700.0,2022-09-05 10:00:34.632172+08:00
2022-09-05 10:40:00,248800.0,245300.0,2022-09-05 11:00:35.346025+08:00
2022-09-05 11:35:00,249100.0,245600.0,2022-09-05 15:00:39.284341+08:00
2022-09-05 15:22:00,248700.0,245200.0,2022-09-05 16:00:41.774073+08:00
2022-09-06 09:19:00,250300.0,246800.0,2022-09-06 10:00:36.966006+08:00
2022-09-06 10:42:00,250000.0,246500.0,2022-09-06 16:00:40.458432+08:00
2022-09-07 09:07:00,247500.0,244000.0,2022-09-07 10:00:36.187216+08:00
2022-09-07 10:04:00,247800.0,244300.0,2022-09-07 11:00:35.030389+08:00
2022-09-07 11:54:00,247300.0,243800.0,2022-09-07 14:00:46.237436+08:00
2022-09-07 14:43:00,247900.0,244400.0,2022-09-07 16:00:34.798121+08:00
2022-09-08 09:32:00,250800.0,247300.0,2022-09-08 10:00:36.613705+08:00
2022-09-08 10:34:00,250200.0,246700.0,2022-09-08 14:00:33.824624+08:00
2022-09-08 14:11:00,250600.0,247100.0,2022-09-08 15:00:40.450933+08:00
2022-09-08 15:22:00,251100.0,247600.0,2022-09-08 16:00:43.825990+08:00
2022-09-09 09:52:00,250300.0,246800.0,2022-09-09 11:00:35.644280+08:00
2022-09-09 11:10:00,250800.0,247300.0,2022-09-09 15:00:40.243601+08:00
2022-09-09 15:08:00,251600.0,248100.0,2022-09-09 16:00:34.749768+08:00
2022-09-10 08:00:00,251600.0,248100.0,2022-09-10 09:00:42.844004+08:00
2022-09-11 08:00:00,251600.0,248100.0,2022-09-11 09:00:36.790146+08:00
2022-09-12 09:42:00,250800.0,247300.0,2022-09-12 11:00:41.116802+08:00
2022-09-12 11:07:00,250300.0,246800.0,2022-09-12 14:00:44.933363+08:00
2022-09-12 14:50:00,250700.0,247200.0,2022-09-12 15:00:41.614346+08:00
2022-09-12 15:43:00,251900.0,248400.0,2022-09-12 16:00:46.763145+08:00
2022-09-13 09:38:00,251500.0,248000.0,2022-09-13 10:00:42.240782+08:00
2022-09-13 10:08:00,251800.0,248300.0,2022-09-13 12:00:33.465721+08:00
2022-09-13 12:07:00,251400.0,247900.0,2022-09-13 14:00:35.421016+08:00
2022-09-13 14:33:00,251800.0,248300.0,2022-09-13 16:00:37.657938+08:00
2022-09-14 09:50:00,249100.0,245600.0,2022-09-14 10:00:46.812164+08:00
2022-09-14 10:33:00,249900.0,246400.0,2022-09-14 12:00:37.494258+08:00
2022-09-14 12:55:00,250000.0,246500.0,2022-09-14 14:00:35.070872+08:00
2022-09-14 14:01:00,249700.0,246200.0,2022-09-14 16:00:35.016613+08:00
2022-09-15 09:09:00,249000.0,245500.0,2022-09-15 11:00:34.659459+08:00
2022-09-15 11:09:00,248600.0,245100.0,2022-09-15 13:00:36.856365+08:00
2022-09-15 13:05:00,248000.0,244500.0,2022-09-15 14:00:32.611496+08:00
2022-09-15 14:12:00,248300.0,244800.0,2022-09-15 16:00:38.091907+08:00
2022-09-16 08:00:00,248300.0,244800.0,2022-09-16 16:00:34.478986+08:00
2022-09-17 08:00:00,248300.0,244800.0,2022-09-17 09:00:32.552228+08:00
2022-09-18 08:00:00,248300.0,244800.0,2022-09-18 09:00:42.900871+08:00
2022-09-19 09:22:00,246600.0,243100.0,2022-09-19 12:00:36.048271+08:00
2022-09-19 12:52:00,246000.0,242500.0,2022-09-19 15:00:37.777792+08:00
2022-09-19 15:36:00,245100.0,241600.0,2022-09-19 16:00:36.230700+08:00
2022-09-20 09:08:00,247300.0,243800.0,2022-09-20 10:00:33.723638+08:00
2022-09-20 10:45:00,247600.0,244100.0,2022-09-20 13:00:33.139858+08:00
2022-09-20 13:06:00,247100.0,243600.0,2022-09-20 14:00:32.442766+08:00
2022-09-20 14:05:00,246800.0,243300.0,2022-09-20 15:00:34.811626+08:00
2022-09-20 14:59:00,247300.0,243800.0,2022-09-20 16:00:43.931182+08:00
2022-09-21 09:09:00,246400.0,242900.0,2022-09-21 14:00:42.720730+08:00
2022-09-21 14:40:00,248000.0,244500.0,2022-09-21 16:00:46.510178+08:00
2022-09-22 09:23:00,245600.0,242100.0,2022-09-22 10:00:37.300327+08:00
2022-09-22 10:03:00,246100.0,242600.0,2022-09-22 13:00:33.122205+08:00
2022-09-22 13:47:00,246500.0,243000.0,2022-09-22 14:00:33.836939+08:00
2022-09-22 14:36:00,246000.0,242500.0,2022-09-22 16:00:45.823460+08:00
2022-09-23 09:05:00,248100.0,244600.0,2022-09-23 11:00:37.312488+08:00
2022-09-23 10:59:00,247500.0,244000.0,2022-09-23 14:00:39.084375+08:00
2022-09-23 14:02:00,247900.0,244400.0,2022-09-23 16:00:34.593514+08:00
2022-09-24 08:00:00,247900.0,244400.0,2022-09-24 09:00:36.780903+08:00
2022-09-25 08:00:00,247900.0,244400.0,2022-09-25 09:00:31.854949+08:00
2022-09-26 09:26:00,244200.0,240700.0,2022-09-26 10:00:42.303065+08:00
2022-09-26 10:27:00,244700.0,241200.0,2022-09-26 13:00:38.050272+08:00
2022-09-26 13:08:00,244200.0,240700.0,2022-09-26 14:00:41.154477+08:00
2022-09-26 14:23:00,244600.0,241100.0,2022-09-26 15:00:37.775545+08:00
2022-09-27 09:08:00,243700.0,240200.0,2022-09-27 13:00:41.980508+08:00
2022-09-27 13:03:00,244100.0,240600.0,2022-09-27 14:00:34.381766+08:00
2022-09-27 14:00:00,244700.0,241200.0,2022-09-27 15:00:34.293607+08:00
2022-09-27 15:11:00,245100.0,241600.0,2022-09-27 16:00:33.364920+08:00
2022-09-28 09:12:00,243600.0,240100.0,2022-09-28 10:00:41.720478+08:00
2022-09-28 10:05:00,243200.0,239700.0,2022-09-28 11:00:42.912810+08:00
2022-09-28 11:23:00,243700.0,240200.0,2022-09-28 14:00:38.794778+08:00
2022-09-28 14:30:00,243200.0,239700.0,2022-09-28 15:00:37.911256+08:00
2022-09-28 15:22:00,242800.0,239300.0,2022-09-28 16:00:34.292378+08:00
2022-09-29 09:15:00,248800.0,245300.0,2022-09-29 10:00:34.141266+08:00
2022-09-29 10:10:00,249100.0,245600.0,2022-09-29 13:00:38.134070+08:00
2022-09-29 13:48:00,247900.0,244400.0,2022-09-29 15:00:44.701449+08:00
2022-09-29 15:09:00,248300.0,244800.0,2022-09-29 16:00:43.661163+08:00
2022-09-30 09:09:00,250400.0,246900.0,2022-09-30 13:00:42.087978+08:00
2022-09-30 13:50:00,250800.0,247300.0,2022-09-30 15:00:35.491580+08:00
2022-09-30 15:23:00,251600.0,248100.0,2022-09-30 16:00:34.558921+08:00
2022-10-01 08:00:00,251600.0,248100.0,2022-10-01 09:00:40.633984+08:00
2022-10-02 08:00:00,251600.0,248100.0,2022-10-02 09:00:38.948933+08:00
2022-10-03 09:56:00,251600.0,248100.0,2022-10-03 10:00:35.425298+08:00
2022-10-03 10:44:00,251100.0,247600.0,2022-10-03 16:00:32.829057+08:00
2022-10-04 09:17:00,255900.0,252400.0,2022-10-04 10:00:38.134962+08:00
2022-10-04 10:13:00,255500.0,252000.0,2022-10-04 11:00:43.162376+08:00
2022-10-04 11:50:00,256300.0,252800.0,2022-10-04 14:00:33.991269+08:00
2022-10-04 14:08:00,256800.0,253300.0,2022-10-04 15:00:36.048879+08:00
2022-10-04 15:27:00,257500.0,254000.0,2022-10-04 16:00:42.030125+08:00
2022-10-05 09:46:00,258700.0,255200.0,2022-10-05 14:02:03.996741+08:00
2022-10-05 14:44:00,259000.0,255500.0,2022-10-05 15:00:40.061528+08:00
2022-10-05 15:27:00,258400.0,254900.0,2022-10-05 16:04:37.328412+08:00
2022-10-06 09:09:00,258500.0,255000.0,2022-10-06 16:00:48.138023+08:00
2022-10-07 09:11:00,257900.0,254400.0,2022-10-07 10:00:33.295627+08:00
2022-10-07 10:54:00,258300.0,254800.0,2022-10-07 14:00:48.418401+08:00
2022-10-07 14:52:00,257800.0,254300.0,2022-10-07 16:00:37.444261+08:00
2022-10-08 08:00:00,257800.0,254300.0,2022-10-08 09:00:32.883498+08:00
2022-10-09 08:00:00,257800.0,254300.0,2022-10-09 09:00:44.749994+08:00
2022-10-10 08:00:00,257800.0,254300.0,2022-10-10 16:00:38.289215+08:00
2022-10-11 09:10:00,253200.0,249700.0,2022-10-11 10:00:36.897587+08:00
2022-10-11 10:51:00,252500.0,249000.0,2022-10-11 13:00:52.533437+08:00
2022-10-11 13:40:00,252200.0,248700.0,2022-10-11 14:00:33.858410+08:00
2022-10-11 14:37:00,252900.0,249400.0,2022-10-11 15:00:42.995793+08:00
2022-10-11 15:44:00,252500.0,249000.0,2022-10-11 16:00:42.785884+08:00
2022-10-12 09:13:00,252500.0,249000.0,2022-10-12 11:00:37.111283+08:00
2022-10-12 11:06:00,252900.0,249400.0,2022-10-12 12:00:46.120953+08:00
2022-10-12 12:18:00,253600.0,250100.0,2022-10-12 15:00:32.156049+08:00
2022-10-12 15:25:00,253900.0,250400.0,2022-10-12 16:00:46.005721+08:00
2022-10-13 09:24:00,254500.0,251000.0,2022-10-13 10:00:40.646804+08:00
2022-10-13 10:28:00,254000.0,250500.0,2022-10-13 16:00:42.809057+08:00
2022-10-14 09:55:00,253800.0,250300.0,2022-10-14 10:00:40.897578+08:00
2022-10-14 10:40:00,254300.0,250800.0,2022-10-14 14:01:05.138308+08:00
2022-10-14 14:42:00,254700.0,251200.0,2022-10-14 16:00:37.610890+08:00
2022-10-15 08:00:00,254700.0,251200.0,2022-10-15 09:00:40.204771+08:00
2022-10-16 08:00:00,254700.0,251200.0,2022-10-16 09:00:34.214374+08:00
2022-10-17 09:12:00,251700.0,248200.0,2022-10-17 10:00:37.381742+08:00
2022-10-17 10:04:00,252600.0,249100.0,2022-10-17 14:00:42.001423+08:00
2022-10-17 14:01:00,253000.0,249500.0,2022-10-17 16:00:40.698984+08:00
2022-10-18 09:06:00,252500.0,249000.0,2022-10-18 10:00:37.649495+08:00
2022-10-18 10:06:00,252800.0,249300.0,2022-10-18 12:00:39.864183+08:00
2022-10-18 12:56:00,253600.0,250100.0,2022-10-18 16:00:43.518365+08:00
2022-10-19 09:14:00,252800.0,249300.0,2022-10-19 12:00:33.650436+08:00
2022-10-19 12:49:00,252100.0,248600.0,2022-10-19 14:00:32.551613+08:00
2022-10-19 14:37:00,251600.0,248100.0,2022-10-19 15:00:40.476888+08:00
2022-10-19 15:14:00,251000.0,247500.0,2022-10-19 16:00:41.994201+08:00
2022-10-20 09:12:00,249500.0,246000.0,2022-10-20 10:00:44.003995+08:00
2022-10-20 10:26:00,249100.0,245600.0,2022-10-20 12:00:43.132452+08:00
2022-10-20 12:29:00,249900.0,246400.0,2022-10-20 13:00:47.597229+08:00
2022-10-20 13:08:00,250300.0,246800.0,2022-10-20 15:00:48.895793+08:00
2022-10-20 15:17:00,249700.0,246200.0,2022-10-20 16:00:36.767360+08:00
2022-10-21 09:14:00,249800.0,246300.0,2022-10-21 11:00:36.557434+08:00
2022-10-21 11:49:00,249100.0,245600.0,2022-10-21 15:00:34.884446+08:00
2022-10-21 15:33:00,249800.0,246300.0,2022-10-21 16:00:39.912238+08:00
2022-10-22 08:00:00,249800.0,246300.0,2022-10-22 09:00:33.085790+08:00
2022-10-23 08:00:00,249800.0,246300.0,2022-10-23 09:00:32.821786+08:00
2022-10-24 08:00:00,249800.0,246300.0,2022-10-24 16:00:36.939151+08:00
2022-10-25 09:10:00,254300.0,250800.0,2022-10-25 10:00:38.977279+08:00
2022-10-25 10:49:00,253400.0,249900.0,2022-10-25 12:00:39.680742+08:00
2022-10-25 12:52:00,253900.0,250400.0,2022-10-25 15:00:40.260537+08:00
2022-10-25 15:44:00,253000.0,249500.0,2022-10-25 16:00:46.425761+08:00
2022-10-26 09:48:00,253700.0,250200.0,2022-10-26 11:00:41.665576+08:00
2022-10-26 11:27:00,254100.0,250600.0,2022-10-26 13:00:32.138854+08:00
2022-10-26 13:48:00,254500.0,251000.0,2022-10-26 14:00:37.509051+08:00
2022-10-26 14:23:00,255000.0,251500.0,2022-10-26 16:00:34.230730+08:00
2022-10-27 09:20:00,255000.0,251500.0,2022-10-27 10:00:37.957026+08:00
2022-10-27 10:29:00,254100.0,250600.0,2022-10-27 13:00:31.781467+08:00
2022-10-27 13:34:00,254600.0,251100.0,2022-10-27 15:00:34.757781+08:00
2022-10-27 15:00:00,254200.0,250700.0,2022-10-27 16:00:33.079669+08:00
2022-10-28 09:10:00,254500.0,251000.0,2022-10-28 10:00:33.637907+08:00
2022-10-28 10:10:00,255100.0,251600.0,2022-10-28 13:00:34.515847+08:00
2022-10-28 13:55:00,254200.0,250700.0,2022-10-28 14:00:42.809565+08:00
2022-10-28 14:51:00,253900.0,250400.0,2022-10-28 16:00:31.958762+08:00
2022-10-29 08:00:00,253900.0,250400.0,2022-10-29 09:00:41.637996+08:00
2022-10-30 08:00:00,253900.0,250400.0,2022-10-30 09:00:41.435876+08:00
2022-10-31 09:16:00,251800.0,248300.0,2022-10-31 13:00:36.696170+08:00
2022-10-31 13:32:00,252300.0,248800.0,2022-10-31 15:00:41.889550+08:00
2022-10-31 15:44:00,251700.0,248200.0,2022-10-31 16:00:40.682182+08:00
2022-11-01 09:52:00,251600.0,248100.0,2022-11-01 14:00:35.802978+08:00
2022-11-01 14:30:00,252000.0,248500.0,2022-11-01 15:00:42.696332+08:00
2022-11-01 15:50:00,252200.0,248700.0,2022-11-01 16:00:36.941668+08:00
2022-11-02 09:19:00,253900.0,250400.0,2022-11-02 16:00:45.227730+08:00
2022-11-03 09:15:00,252100.0,248600.0,2022-11-03 15:00:36.253063+08:00
2022-11-03 15:18:00,251100.0,247600.0,2022-11-03 16:00:37.804180+08:00
2022-11-04 09:11:00,251000.0,247500.0,2022-11-04 10:00:34.168282+08:00
2022-11-04 10:44:00,251800.0,248300.0,2022-11-04 11:00:33.405148+08:00
2022-11-04 11:15:00,252200.0,248700.0,2022-11-04 12:00:40.513404+08:00
2022-11-04 12:40:00,252800.0,249300.0,2022-11-04 13:00:32.524913+08:00
2022-11-04 13:11:00,253700.0,250200.0,2022-11-04 16:00:47.461824+08:00
2022-11-05 08:00:00,253700.0,250200.0,2022-11-05 09:00:41.726786+08:00
2022-11-06 08:00:00,253700.0,250200.0,2022-11-06 09:08:04.638984+08:00
2022-11-07 09:29:00,257200.0,253700.0,2022-11-07 11:00:38.593948+08:00
2022-11-07 11:28:00,257500.0,254000.0,2022-11-07 16:00:33.638418+08:00
2022-11-08 09:05:00,257400.0,253900.0,2022-11-08 16:00:37.906610+08:00
2022-11-09 09:15:00,262500.0,259000.0,2022-11-09 11:00:37.073292+08:00
2022-11-09 11:23:00,261800.0,258300.0,2022-11-09 12:00:32.684042+08:00
2022-11-09 12:52:00,261300.0,257800.0,2022-11-09 15:00:37.570199+08:00
2022-11-09 15:25:00,261700.0,258200.0,2022-11-09 16:00:31.954748+08:00
2022-11-10 09:08:00,261000.0,257500.0,2022-11-10 10:00:38.781286+08:00
2022-11-10 10:18:00,260400.0,256900.0,2022-11-10 11:00:34.730972+08:00
2022-11-10 11:33:00,260900.0,257400.0,2022-11-10 16:00:41.393356+08:00
2022-11-11 09:14:00,263600.0,260100.0,2022-11-11 13:00:30.529690+08:00
2022-11-11 13:45:00,264400.0,260900.0,2022-11-11 14:00:38.255934+08:00
2022-11-11 14:39:00,263800.0,260300.0,2022-11-11 15:00:30.756594+08:00
2022-11-11 15:46:00,263100.0,259600.0,2022-11-11 16:00:33.345283+08:00
2022-11-12 08:00:00,263100.0,259600.0,2022-11-12 09:00:39.473718+08:00
2022-11-13 08:00:00,263100.0,259600.0,2022-11-13 09:00:36.890638+08:00
2022-11-14 09:23:00,263700.0,260200.0,2022-11-14 13:00:37.142717+08:00
2022-11-14 13:53:00,261700.0,258200.0,2022-11-14 16:00:35.197100+08:00
2022-11-15 09:11:00,263300.0,259800.0,2022-11-15 16:00:39.840376+08:00
2022-11-16 09:14:00,261300.0,257800.0,2022-11-16 16:01:08.299245+08:00
2022-11-17 09:25:00,261500.0,258000.0,2022-11-17 13:01:00.278207+08:00
2022-11-17 13:14:00,260300.0,256800.0,2022-11-17 16:00:29.648855+08:00
2022-11-18 09:54:00,260300.0,256800.0,2022-11-18 16:00:54.110981+08:00
2022-11-19 08:00:00,260300.0,256800.0,2022-11-19 09:00:38.907679+08:00
2022-11-20 08:00:00,260300.0,256800.0,2022-11-20 09:00:46.131641+08:00
2022-11-21 09:22:00,260100.0,256600.0,2022-11-21 16:00:37.722846+08:00
2022-11-24 09:25:00,258700.0,255200.0,2022-11-24 11:11:13.785682+08:00
2022-11-24 11:41:00,257800.0,254300.0,2022-11-24 14:00:32.296381+08:00
2022-11-24 14:10:00,256700.0,253200.0,2022-11-24 16:00:37.940691+08:00
2022-11-25 09:19:00,254600.0,251100.0,2022-11-25 12:00:35.306605+08:00
2022-11-25 12:14:00,254800.0,251300.0,2022-11-25 16:00:34.065464+08:00
2022-11-28 09:07:00,254800.0,251300.0,2022-11-28 16:00:34.988576+08:00
2022-11-29 09:24:00,254600.0,251100.0,2022-11-29 13:00:35.149122+08:00
2022-11-29 13:06:00,256400.0,252900.0,2022-11-29 16:00:34.446110+08:00
2022-11-30 09:13:00,256100.0,252600.0,2022-11-30 12:00:39.250368+08:00
2022-11-30 12:54:00,254900.0,251400.0,2022-11-30 16:00:36.888256+08:00
2022-12-01 09:16:00,254100.0,250600.0,2022-12-01 11:00:39.492530+08:00
2022-12-01 11:48:00,254000.0,250500.0,2022-12-01 14:00:36.725615+08:00
2022-12-01 14:03:00,254300.0,250800.0,2022-12-01 16:00:33.617991+08:00
2022-12-02 09:18:00,256600.0,253100.0,2022-12-02 14:00:33.967930+08:00
2022-12-02 14:14:00,256200.0,252700.0,2022-12-02 15:00:35.057313+08:00
2022-12-02 15:50:00,256900.0,253400.0,2022-12-02 16:00:41.811479+08:00
2022-12-05 09:09:00,256000.0,252500.0,2022-12-05 15:00:38.023882+08:00
2022-12-05 15:04:00,255100.0,251600.0,2022-12-05 16:00:31.877675+08:00
2022-12-06 09:22:00,251900.0,248400.0,2022-12-06 13:00:34.547384+08:00
2022-12-06 13:52:00,251500.0,248000.0,2022-12-06 14:00:40.577394+08:00
2022-12-06 14:38:00,252500.0,249000.0,2022-12-06 16:00:39.295652+08:00
2022-12-07 09:24:00,252400.0,248900.0,2022-12-07 10:00:45.931954+08:00
2022-12-07 10:19:00,252800.0,249300.0,2022-12-07 13:00:35.893502+08:00
2022-12-07 13:53:00,253600.0,250100.0,2022-12-07 15:00:34.919781+08:00
2022-12-07 15:42:00,254100.0,250600.0,2022-12-07 16:00:37.114452+08:00
2022-12-08 09:15:00,254300.0,250800.0,2022-12-08 16:00:35.970485+08:00
2022-12-09 09:17:00,255500.0,252000.0,2022-12-09 14:00:37.282580+08:00
2022-12-09 14:47:00,256600.0,253100.0,2022-12-09 16:00:38.313409+08:00
2022-12-12 09:09:00,256800.0,253300.0,2022-12-12 16:00:37.072793+08:00
2022-12-13 09:29:00,256100.0,252600.0,2022-12-13 14:00:33.081012+08:00
2022-12-13 14:57:00,256900.0,253400.0,2022-12-13 16:00:38.157266+08:00
2022-12-14 09:11:00,258800.0,255300.0,2022-12-14 16:00:34.061285+08:00
2022-12-15 09:14:00,257600.0,254100.0,2022-12-15 12:00:34.357197+08:00
2022-12-15 12:05:00,256400.0,252900.0,2022-12-15 16:00:35.953932+08:00
2022-12-16 09:14:00,255100.0,251600.0,2022-12-16 10:00:35.133049+08:00
2022-12-16 10:46:00,255700.0,252200.0,2022-12-16 13:00:35.043205+08:00
2022-12-16 13:11:00,255300.0,251800.0,2022-12-16 14:00:36.110620+08:00
2022-12-16 14:30:00,255600.0,252100.0,2022-12-16 16:00:36.860776+08:00
2022-12-19 09:07:00,257200.0,253700.0,2022-12-19 16:00:35.949023+08:00
2022-12-20 09:19:00,256900.0,253400.0,2022-12-20 11:00:38.911868+08:00
2022-12-20 11:19:00,257700.0,254200.0,2022-12-20 12:00:54.052332+08:00
2022-12-20 12:49:00,257300.0,253800.0,2022-12-20 15:00:42.274254+08:00
2022-12-20 15:08:00,257900.0,254400.0,2022-12-20 16:00:39.628967+08:00
2022-12-21 09:15:00,261500.0,258000.0,2022-12-21 16:00:33.802103+08:00
2022-12-22 09:28:00,261300.0,257800.0,2022-12-22 16:00:42.375305+08:00
2022-12-23 09:10:00,257700.0,254200.0,2022-12-23 16:00:34.025531+08:00
2022-12-26 08:00:00,257700.0,254200.0,2022-12-26 16:00:44.904977+08:00
2022-12-27 09:08:00,258400.0,254900.0,2022-12-27 10:00:34.089606+08:00
2022-12-27 10:39:00,258900.0,255400.0,2022-12-27 15:00:40.260078+08:00
2022-12-27 15:09:00,259300.0,255800.0,2022-12-27 16:00:41.853842+08:00
2022-12-28 09:09:00,260500.0,257000.0,2022-12-28 12:00:39.416711+08:00
2022-12-28 12:30:00,260100.0,256600.0,2022-12-28 15:00:36.176071+08:00
2022-12-28 15:24:00,259700.0,256200.0,2022-12-28 16:00:39.771074+08:00
2022-12-29 09:10:00,259600.0,256100.0,2022-12-29 16:00:31.709703+08:00
2022-12-30 09:18:00,259900.0,256400.0,2022-12-30 16:00:43.685885+08:00
2022-12-31 08:00:00,259900.0,256400.0,2022-12-31 09:00:44.512782+08:00
2023-01-01 08:00:00,259900.0,256400.0,2023-01-01 09:00:36.340665+08:00
2023-01-02 08:00:00,259900.0,256400.0,2023-01-02 16:00:34.791075+08:00
2023-01-03 09:50:00,260800.0,257300.0,2023-01-03 10:00:35.919698+08:00
2023-01-03 10:35:00,261300.0,257800.0,2023-01-03 11:00:37.609317+08:00
2023-01-03 11:34:00,262500.0,259000.0,2023-01-03 15:00:39.178407+08:00
2023-01-03 15:37:00,263400.0,259900.0,2023-01-03 16:00:36.535334+08:00
2023-01-04 09:07:00,262600.0,259100.0,2023-01-04 10:00:41.051648+08:00
2023-01-04 10:07:00,263500.0,260000.0,2023-01-04 14:00:34.066034+08:00
2023-01-04 14:37:00,263900.0,260400.0,2023-01-04 15:00:37.038452+08:00
2023-01-04 15:42:00,265000.0,261500.0,2023-01-04 16:00:38.081100+08:00
2023-01-05 09:08:00,264700.0,261200.0,2023-01-05 12:00:40.046049+08:00
2023-01-05 12:07:00,264400.0,260900.0,2023-01-05 16:00:38.731758+08:00
2023-01-06 09:18:00,261300.0,257800.0,2023-01-06 10:00:46.796562+08:00
2023-01-06 10:17:00,261900.0,258400.0,2023-01-06 16:00:33.060108+08:00
2023-01-07 08:00:00,261900.0,258400.0,2023-01-07 09:00:35.087334+08:00
2023-01-08 08:00:00,261900.0,258400.0,2023-01-08 09:00:36.882340+08:00
2023-01-09 09:58:00,265400.0,261900.0,2023-01-09 10:00:40.288833+08:00
2023-01-09 10:54:00,266400.0,262900.0,2023-01-09 15:00:37.913405+08:00
2023-01-09 15:52:00,265900.0,262400.0,2023-01-09 16:00:40.544271+08:00
2023-01-10 09:35:00,265800.0,262300.0,2023-01-10 15:00:34.129467+08:00
2023-01-10 15:39:00,265300.0,261800.0,2023-01-10 16:00:36.890529+08:00
2023-01-11 09:15:00,265900.0,262400.0,2023-01-11 10:00:41.181346+08:00
2023-01-11 10:56:00,265900.0,262400.0,2023-01-11 13:00:41.261581+08:00
2023-01-11 13:44:00,267100.0,263600.0,2023-01-11 16:00:39.924686+08:00
2023-01-12 09:27:00,265800.0,262300.0,2023-01-12 10:00:36.504982+08:00
2023-01-12 10:44:00,266800.0,263300.0,2023-01-12 15:00:42.528675+08:00
2023-01-12 15:01:00,266400.0,262900.0,2023-01-12 16:00:37.431565+08:00
2023-01-13 09:13:00,266500.0,263000.0,2023-01-13 10:00:41.474694+08:00
2023-01-13 10:03:00,266700.0,263200.0,2023-01-13 13:00:39.313992+08:00
2023-01-13 13:41:00,266100.0,262600.0,2023-01-13 14:00:35.819232+08:00
2023-01-13 14:46:00,266400.0,262900.0,2023-01-13 16:00:39.920843+08:00
2023-01-14 08:00:00,266400.0,262900.0,2023-01-14 09:00:39.651150+08:00
2023-01-15 08:00:00,266400.0,262900.0,2023-01-15 09:00:34.810020+08:00
2023-01-16 09:07:00,269600.0,266100.0,2023-01-16 10:00:37.979778+08:00
2023-01-16 10:05:00,270100.0,266600.0,2023-01-16 11:00:37.972171+08:00
2023-01-16 11:48:00,269200.0,265700.0,2023-01-16 13:00:31.279171+08:00
2023-01-16 13:11:00,268600.0,265100.0,2023-01-16 14:00:34.810292+08:00
2023-01-16 14:37:00,267900.0,264400.0,2023-01-16 16:00:40.564484+08:00
2023-01-17 09:27:00,268300.0,264800.0,2023-01-17 10:00:47.971191+08:00
2023-01-17 10:17:00,268800.0,265300.0,2023-01-17 12:00:38.655029+08:00
2023-01-17 12:06:00,267900.0,264400.0,2023-01-17 15:01:10.012391+08:00
2023-01-17 15:04:00,267400.0,263900.0,2023-01-17 16:00:33.556142+08:00
2023-01-18 09:10:00,267700.0,264200.0,2023-01-18 11:00:34.975219+08:00
2023-01-18 11:55:00,267000.0,263500.0,2023-01-18 14:00:32.856301+08:00
2023-01-18 14:29:00,266800.0,263300.0,2023-01-18 15:00:42.424407+08:00
2023-01-18 15:37:00,267200.0,263700.0,2023-01-18 16:00:39.261814+08:00
2023-01-19 09:07:00,267000.0,263500.0,2023-01-19 10:02:11.240246+08:00
2023-01-19 10:17:00,266400.0,262900.0,2023-01-19 11:00:38.660357+08:00
2023-01-19 11:09:00,267100.0,263600.0,2023-01-19 15:00:37.711208+08:00
2023-01-19 15:12:00,267600.0,264100.0,2023-01-19 16:00:42.661853+08:00
2023-01-20 09:07:00,268900.0,265400.0,2023-01-20 11:00:37.323697+08:00
2023-01-20 11:38:00,268400.0,264900.0,2023-01-20 13:00:36.120925+08:00
2023-01-20 13:22:00,267900.0,264400.0,2023-01-20 14:00:49.258608+08:00
2023-01-20 13:58:00,268300.0,264800.0,2023-01-20 16:00:41.721631+08:00
2023-01-21 08:00:00,268300.0,264800.0,2023-01-21 09:00:45.709724+08:00
2023-01-22 08:00:00,268300.0,264800.0,2023-01-22 09:00:34.082259+08:00
2023-01-23 08:00:00,268300.0,264800.0,2023-01-23 16:00:35.511167+08:00
2023-01-24 08:00:00,268300.0,264800.0,2023-01-24 16:00:34.066344+08:00
2023-01-25 09:10:00,268500.0,265000.0,2023-01-25 11:00:37.112200+08:00
2023-01-25 11:40:00,267600.0,264100.0,2023-01-25 16:01:18.515893+08:00
2023-01-26 09:12:00,268200.0,264700.0,2023-01-26 16:00:36.060910+08:00
2023-01-27 09:57:00,264400.0,260900.0,2023-01-27 11:00:40.632743+08:00
2023-01-27 11:54:00,263800.0,260300.0,2023-01-27 13:00:40.983424+08:00
2023-01-27 13:41:00,264300.0,260800.0,2023-01-27 16:00:36.744591+08:00
2023-01-28 08:00:00,264300.0,260800.0,2023-01-28 09:00:35.019919+08:00
2023-01-29 08:00:00,264300.0,260800.0,2023-01-29 09:00:36.607578+08:00
2023-01-30 09:17:00,264700.0,261200.0,2023-01-30 12:00:36.497863+08:00
2023-01-30 12:24:00,265000.0,261500.0,2023-01-30 13:00:31.575019+08:00
2023-01-30 13:34:00,265400.0,261900.0,2023-01-30 15:00:41.408590+08:00
2023-01-30 15:52:00,265100.0,261600.0,2023-01-30 16:00:40.047913+08:00
2023-01-31 09:10:00,264800.0,261300.0,2023-01-31 12:00:34.724258+08:00
2023-01-31 12:58:00,264400.0,260900.0,2023-01-31 14:00:33.227869+08:00
2023-01-31 14:12:00,263700.0,260200.0,2023-01-31 16:00:31.821255+08:00
2023-02-01 08:00:00,263700.0,260200.0,2023-02-01 16:00:32.998935+08:00
2023-02-02 09:09:00,268000.0,264500.0,2023-02-02 13:00:33.088913+08:00
2023-02-02 13:27:00,268500.0,265000.0,2023-02-02 15:00:34.654021+08:00
2023-02-02 15:19:00,269300.0,265800.0,2023-02-02 16:00:34.849434+08:00
2023-02-03 09:15:00,264700.0,261200.0,2023-02-03 10:00:34.745755+08:00
2023-02-03 10:00:00,265700.0,262200.0,2023-02-03 11:00:33.088247+08:00
2023-02-03 11:36:00,265300.0,261800.0,2023-02-03 12:00:40.416219+08:00
2023-02-03 12:10:00,264900.0,261400.0,2023-02-03 16:00:34.606495+08:00
2023-02-04 08:00:00,264900.0,261400.0,2023-02-04 09:00:33.901707+08:00
2023-02-05 08:00:00,264900.0,261400.0,2023-02-05 09:00:34.697131+08:00
2023-02-06 08:00:00,264900.0,261400.0,2023-02-06 16:00:35.462742+08:00
2023-02-07 09:17:00,261300.0,257800.0,2023-02-07 11:00:34.118100+08:00
2023-02-07 11:44:00,260700.0,257200.0,2023-02-07 13:00:37.567534+08:00
2023-02-07 13:06:00,261100.0,257600.0,2023-02-07 16:00:38.391346+08:00
2023-02-08 09:09:00,261400.0,257900.0,2023-02-08 15:00:41.611079+08:00
2023-02-09 09:55:00,262000.0,258500.0,2023-02-09 15:00:36.140825+08:00
2023-02-09 15:23:00,262700.0,259200.0,2023-02-09 16:00:36.790465+08:00
2023-02-10 09:08:00,261200.0,257700.0,2023-02-10 11:00:44.754946+08:00
2023-02-10 11:49:00,260500.0,257000.0,2023-02-10 14:00:32.517893+08:00
2023-02-10 14:05:00,261000.0,257500.0,2023-02-10 16:00:36.380159+08:00
2023-02-11 08:00:00,261000.0,257500.0,2023-02-11 09:00:37.795766+08:00
2023-02-12 08:00:00,261000.0,257500.0,2023-02-12 09:00:39.883418+08:00
2023-02-13 09:52:00,263000.0,259500.0,2023-02-13 16:00:33.678583+08:00
2023-02-14 09:07:00,261800.0,258300.0,2023-02-14 14:00:34.351320+08:00
2023-02-14 14:02:00,262200.0,258700.0,2023-02-14 16:00:39.342659+08:00
2023-02-15 09:22:00,262200.0,258700.0,2023-02-15 10:00:34.967998+08:00
2023-02-15 10:49:00,262800.0,259300.0,2023-02-15 13:00:33.913742+08:00
2023-02-15 13:43:00,262400.0,258900.0,2023-02-15 15:00:32.118991+08:00
2023-02-15 15:53:00,261500.0,258000.0,2023-02-15 16:00:35.952792+08:00
2023-02-16 09:44:00,263500.0,260000.0,2023-02-16 12:00:33.703429+08:00
2023-02-16 12:25:00,262500.0,259000.0,2023-02-16 13:00:34.610348+08:00
2023-02-16 13:51:00,262100.0,258600.0,2023-02-16 16:00:36.802217+08:00
2023-02-17 09:07:00,263100.0,259600.0,2023-02-17 11:00:38.167060+08:00
2023-02-17 10:59:00,262700.0,259200.0,2023-02-17 13:00:31.510168+08:00
2023-02-17 12:59:00,262300.0,258800.0,2023-02-17 15:00:33.881097+08:00
2023-02-17 15:27:00,261800.0,258300.0,2023-02-17 16:00:48.726063+08:00
2023-02-18 08:00:00,261800.0,258300.0,2023-02-18 09:00:33.850464+08:00
2023-02-19 08:00:00,261800.0,258300.0,2023-02-19 09:00:33.740404+08:00
2023-02-20 10:28:00,264700.0,261200.0,2023-02-20 16:00:36.583229+08:00
2023-02-21 09:24:00,264700.0,261200.0,2023-02-21 13:00:32.279848+08:00
2023-02-21 13:56:00,264100.0,260600.0,2023-02-21 16:00:40.547246+08:00
2023-02-22 09:12:00,264500.0,261000.0,2023-02-22 16:00:39.794052+08:00
2023-02-23 09:27:00,262400.0,258900.0,2023-02-23 11:00:36.737012+08:00
2023-02-23 11:13:00,262900.0,259400.0,2023-02-23 14:00:32.704705+08:00
2023-02-23 14:39:00,263600.0,260100.0,2023-02-23 16:00:32.598722+08:00
2023-02-24 09:10:00,262500.0,259000.0,2023-02-24 16:00:35.714616+08:00
2023-02-25 08:00:00,262500.0,259000.0,2023-02-25 09:00:35.533586+08:00
2023-02-26 08:00:00,262500.0,259000.0,2023-02-26 09:00:32.622778+08:00
2023-02-27 09:43:00,262400.0,258900.0,2023-02-27 16:00:35.866568+08:00
2023-02-28 09:11:00,263100.0,259600.0,2023-02-28 10:00:40.169853+08:00
2023-02-28 10:48:00,263900.0,260400.0,2023-02-28 16:00:41.515938+08:00
2023-03-01 09:48:00,266100.0,262600.0,2023-03-01 16:00:35.519773+08:00
2023-03-02 09:49:00,266200.0,262700.0,2023-03-02 16:00:34.121912+08:00
2023-03-03 09:12:00,267200.0,263700.0,2023-03-03 10:00:39.919959+08:00
2023-03-03 10:54:00,266800.0,263300.0,2023-03-03 14:00:32.590913+08:00
2023-03-03 14:48:00,267400.0,263900.0,2023-03-03 16:00:39.669933+08:00
2023-03-04 08:00:00,267400.0,263900.0,2023-03-04 09:00:40.187284+08:00
2023-03-05 08:00:00,267400.0,263900.0,2023-03-05 09:00:44.658769+08:00
2023-03-06 09:10:00,268400.0,264900.0,2023-03-06 16:00:38.606824+08:00
2023-03-07 09:20:00,268000.0,264500.0,2023-03-07 16:00:43.302709+08:00
2023-03-08 09:18:00,265000.0,261500.0,2023-03-08 11:00:34.151870+08:00
2023-03-08 11:40:00,265400.0,261900.0,2023-03-08 16:00:39.660817+08:00
2023-03-09 09:12:00,266100.0,262600.0,2023-03-09 15:00:43.732679+08:00
2023-03-09 14:57:00,265700.0,262200.0,2023-03-09 16:00:39.893641+08:00
2023-03-10 09:13:00,268500.0,265000.0,2023-03-10 10:00:40.471150+08:00
2023-03-10 10:33:00,268000.0,264500.0,2023-03-10 16:00:34.270422+08:00
2023-03-11 08:00:00,268000.0,264500.0,2023-03-11 09:00:38.004838+08:00
2023-03-12 08:00:00,268000.0,264500.0,2023-03-12 09:00:37.741555+08:00
2023-03-13 09:10:00,274800.0,271300.0,2023-03-13 10:00:38.195839+08:00
2023-03-13 10:43:00,275200.0,271700.0,2023-03-13 11:00:41.916924+08:00
2023-03-13 11:33:00,273600.0,270100.0,2023-03-13 13:00:36.569766+08:00
2023-03-13 13:07:00,273400.0,269900.0,2023-03-13 14:00:35.373412+08:00
2023-03-13 14:46:00,273200.0,269700.0,2023-03-13 16:00:42.679437+08:00
2023-03-14 09:40:00,276700.0,273200.0,2023-03-14 10:00:41.178549+08:00
2023-03-14 10:39:00,276500.0,273000.0,2023-03-14 14:00:46.072172+08:00
2023-03-14 14:31:00,277100.0,273600.0,2023-03-14 15:00:35.468404+08:00
2023-03-14 15:30:00,277700.0,274200.0,2023-03-14 16:00:42.795873+08:00
2023-03-15 09:17:00,276300.0,272800.0,2023-03-15 10:00:39.733874+08:00
2023-03-15 10:09:00,276000.0,272500.0,2023-03-15 12:00:35.825406+08:00
2023-03-15 12:52:00,275600.0,272100.0,2023-03-15 16:00:45.839809+08:00
2023-03-16 09:13:00,278800.0,275300.0,2023-03-16 10:00:45.152243+08:00
2023-03-16 10:20:00,278600.0,275100.0,2023-03-16 12:00:36.723501+08:00
2023-03-16 12:09:00,279300.0,275800.0,2023-03-16 13:00:44.684046+08:00
2023-03-16 13:40:00,279900.0,276400.0,2023-03-16 16:00:39.048141+08:00
2023-03-17 09:09:00,279800.0,276300.0,2023-03-17 10:00:39.677635+08:00
2023-03-17 10:51:00,280400.0,276900.0,2023-03-17 12:00:41.302151+08:00
2023-03-17 12:21:00,280000.0,276500.0,2023-03-17 13:00:40.196283+08:00
2023-03-17 13:14:00,280400.0,276900.0,2023-03-17 14:00:35.522337+08:00
2023-03-17 14:57:00,280900.0,277400.0,2023-03-17 16:00:41.079258+08:00
2023-03-18 08:00:00,280900.0,277400.0,2023-03-18 09:00:36.612423+08:00
2023-03-19 08:00:00,280900.0,277400.0,2023-03-19 09:00:47.782865+08:00
2023-03-20 09:24:00,285400.0,281900.0,2023-03-20 11:00:43.764215+08:00
2023-03-20 11:00:00,286300.0,282800.0,2023-03-20 13:00:38.365412+08:00
2023-03-20 13:31:00,287000.0,283500.0,2023-03-20 14:00:39.509313+08:00
2023-03-20 14:17:00,289100.0,285600.0,2023-03-20 15:00:34.932422+08:00
2023-03-20 15:46:00,291900.0,288400.0,2023-03-20 16:00:34.935760+08:00
2023-03-21 09:10:00,286800.0,283300.0,2023-03-21 13:00:39.724448+08:00
2023-03-21 13:44:00,287400.0,283900.0,2023-03-21 14:00:37.378980+08:00
2023-03-21 14:52:00,286200.0,282700.0,2023-03-21 16:00:45.064462+08:00
2023-03-22 09:28:00,281700.0,278200.0,2023-03-22 12:00:36.128858+08:00
2023-03-22 12:55:00,280900.0,277400.0,2023-03-22 16:00:40.636171+08:00
2023-03-23 09:17:00,283300.0,279800.0,2023-03-23 16:00:34.378175+08:00
2023-03-24 09:12:00,285500.0,282000.0,2023-03-24 16:00:39.854713+08:00
2023-03-25 08:00:00,285500.0,282000.0,2023-03-25 09:00:41.642083+08:00
2023-03-26 08:00:00,285500.0,282000.0,2023-03-26 09:00:44.408615+08:00
2023-03-27 09:15:00,283500.0,280000.0,2023-03-27 16:00:42.863638+08:00
2023-03-28 09:53:00,279500.0,276000.0,2023-03-28 16:00:37.601190+08:00
2023-03-29 09:06:00,280800.0,277300.0,2023-03-29 16:00:38.384897+08:00
2023-03-30 09:10:00,280900.0,277400.0,2023-03-30 14:00:35.804840+08:00
2023-03-30 14:53:00,282100.0,278600.0,2023-03-30 16:00:36.384279+08:00
2023-03-31 09:17:00,283300.0,279800.0,2023-03-31 16:00:37.176467+08:00
2023-04-01 08:00:00,283300.0,279800.0,2023-04-01 09:00:34.852639+08:00
2023-04-02 08:00:00,283300.0,279800.0,2023-04-02 09:00:32.667573+08:00
2023-04-03 09:20:00,281100.0,277600.0,2023-04-03 11:00:36.461484+08:00
2023-04-03 11:29:00,279500.0,276000.0,2023-04-03 16:00:40.114253+08:00
2023-04-04 09:18:00,283000.0,279500.0,2023-04-04 10:00:39.338298+08:00
2023-04-04 10:24:00,283000.0,279500.0,2023-04-04 13:00:36.703981+08:00
2023-04-04 13:52:00,283000.0,279500.0,2023-04-04 14:00:37.092268+08:00
2023-04-04 14:37:00,282300.0,278800.0,2023-04-04 16:00:34.503297+08:00
2023-04-05 09:50:00,287900.0,284400.0,2023-04-05 16:00:34.410975+08:00
2023-04-06 09:50:00,287800.0,284300.0,2023-04-06 12:00:39.136910+08:00
2023-04-06 12:34:00,287000.0,283500.0,2023-04-07 16:00:34.088224+08:00
2023-04-08 08:00:00,286400.0,282900.0,2023-04-08 09:00:37.427158+08:00
2023-04-09 08:00:00,286400.0,282900.0,2023-04-09 09:00:41.176664+08:00
2023-04-10 09:12:00,285300.0,281800.0,2023-04-10 10:00:35.771057+08:00
2023-04-10 10:55:00,284200.0,280700.0,2023-04-10 16:00:39.974101+08:00
2023-04-11 09:11:00,285100.0,281600.0,2023-04-11 11:00:44.865337+08:00
2023-04-11 11:45:00,285900.0,282400.0,2023-04-11 16:00:41.132348+08:00
2023-04-12 09:57:00,287900.0,284400.0,2023-04-12 13:00:39.019569+08:00
2023-04-12 12:59:00,289100.0,285600.0,2023-04-12 16:00:39.778831+08:00
2023-04-13 09:23:00,287700.0,284200.0,2023-04-13 16:00:38.248744+08:00
2023-04-14 09:20:00,290700.0,287200.0,2023-04-14 16:00:38.913294+08:00
2023-04-15 08:00:00,290700.0,287200.0,2023-04-15 09:00:39.799608+08:00
2023-04-16 08:00:00,290700.0,287200.0,2023-04-16 09:00:42.040799+08:00
2023-04-17 09:47:00,286500.0,283000.0,2023-04-17 16:00:39.240773+08:00
2023-04-18 09:19:00,286800.0,283300.0,2023-04-18 11:00:35.918198+08:00
2023-04-18 11:45:00,287900.0,284400.0,2023-04-18 16:00:39.407594+08:00
2023-04-19 09:09:00,288200.0,284700.0,2023-04-19 14:00:34.782708+08:00
2023-04-19 14:45:00,285900.0,282400.0,2023-04-19 16:00:43.820645+08:00
2023-04-20 09:12:00,286400.0,282900.0,2023-04-20 14:00:43.971652+08:00
2023-04-20 14:10:00,286800.0,283300.0,2023-04-20 16:00:38.720316+08:00
2023-04-21 09:42:00,286800.0,283300.0,2023-04-21 16:00:34.705239+08:00
2023-04-22 08:00:00,286800.0,283300.0,2023-04-22 09:00:34.290427+08:00
2023-04-23 08:00:00,286800.0,283300.0,2023-04-23 09:00:36.488047+08:00
2023-04-24 09:20:00,286800.0,283300.0,2023-04-24 16:00:39.380440+08:00
2023-04-25 09:11:00,286800.0,283300.0,2023-04-25 16:00:33.804807+08:00
2023-04-26 09:17:00,289100.0,285600.0,2023-04-26 16:00:44.693362+08:00
2023-04-27 09:18:00,287900.0,284400.0,2023-04-27 14:00:49.925335+08:00
2023-04-27 13:59:00,288600.0,285100.0,2023-04-27 16:00:35.685850+08:00
2023-04-28 09:24:00,287100.0,283600.0,2023-04-28 16:00:39.701583+08:00
2023-04-29 08:00:00,287100.0,283600.0,2023-04-29 09:00:35.455536+08:00
2023-04-30 08:00:00,287100.0,283600.0,2023-04-30 09:00:36.657110+08:00
2023-05-01 08:00:00,287100.0,283600.0,2023-05-01 16:00:44.418286+08:00
2023-05-02 09:15:00,287000.0,283500.0,2023-05-02 11:00:45.523842+08:00
2023-05-02 11:27:00,286500.0,283000.0,2023-05-02 16:00:35.203919+08:00
2023-05-03 09:10:00,291200.0,287700.0,2023-05-03 15:00:38.747628+08:00
2023-05-03 15:13:00,290900.0,287400.0,2023-05-03 16:00:37.129826+08:00
2023-05-04 08:00:00,290900.0,287400.0,2023-05-04 16:00:33.212208+08:00
2023-05-05 09:50:00,295000.0,291500.0,2023-05-05 10:00:33.569561+08:00
2023-05-05 10:39:00,294200.0,290700.0,2023-05-05 11:00:44.250563+08:00
2023-05-05 11:43:00,294700.0,291200.0,2023-05-05 14:00:41.772710+08:00
2023-05-05 14:16:00,294300.0,290800.0,2023-05-05 15:00:38.344052+08:00
2023-05-05 15:46:00,293300.0,289800.0,2023-05-05 16:00:37.881304+08:00
2023-05-06 08:00:00,293300.0,289800.0,2023-05-06 09:00:43.368628+08:00
2023-05-07 08:00:00,293300.0,289800.0,2023-05-07 09:00:36.967602+08:00
2023-05-08 09:09:00,290300.0,286800.0,2023-05-08 10:00:44.504864+08:00
2023-05-08 10:45:00,290600.0,287100.0,2023-05-08 12:00:47.063859+08:00
2023-05-08 12:27:00,291000.0,287500.0,2023-05-08 16:00:42.912405+08:00
2023-05-09 09:10:00,290500.0,287000.0,2023-05-09 10:00:41.444649+08:00
2023-05-09 10:51:00,291000.0,287500.0,2023-05-09 12:00:46.374803+08:00
2023-05-09 12:55:00,291400.0,287900.0,2023-05-09 15:00:37.018752+08:00
2023-05-09 15:27:00,291000.0,287500.0,2023-05-09 16:00:44.509910+08:00
2023-05-10 09:10:00,293500.0,290000.0,2023-05-10 10:00:49.995011+08:00
2023-05-10 10:27:00,292900.0,289400.0,2023-05-10 16:00:45.408806+08:00
2023-05-11 09:12:00,293300.0,289800.0,2023-05-11 15:00:47.107711+08:00
2023-05-11 15:15:00,292500.0,289000.0,2023-05-11 16:00:51.985843+08:00
2023-05-12 09:05:00,292400.0,288900.0,2023-05-12 10:00:56.608817+08:00
2023-05-12 10:06:00,291700.0,288200.0,2023-05-12 14:00:37.985152+08:00
2023-05-12 14:27:00,291200.0,287700.0,2023-05-12 16:00:42.756894+08:00
2023-05-13 08:00:00,291200.0,287700.0,2023-05-13 09:00:42.063967+08:00
2023-05-14 08:00:00,291200.0,287700.0,2023-05-14 09:00:48.070591+08:00
2023-05-15 09:46:00,293800.0,290300.0,2023-05-15 10:00:53.484582+08:00
2023-05-15 10:26:00,293400.0,289900.0,2023-05-15 13:00:47.152004+08:00
2023-05-15 13:37:00,294200.0,290700.0,2023-05-15 16:00:44.917450+08:00
2023-05-16 09:10:00,293300.0,289800.0,2023-05-16 10:00:45.117155+08:00
2023-05-16 10:43:00,293900.0,290400.0,2023-05-16 14:00:37.709310+08:00
2023-05-16 14:33:00,292800.0,289300.0,2023-05-16 16:00:38.784671+08:00
2023-05-17 09:11:00,291400.0,287900.0,2023-05-17 10:00:42.591558+08:00
2023-05-17 10:04:00,292000.0,288500.0,2023-05-17 13:00:43.238043+08:00
2023-05-17 13:57:00,291500.0,288000.0,2023-05-17 16:00:39.819894+08:00
2023-05-18 09:08:00,290800.0,287300.0,2023-05-18 12:00:41.199093+08:00
2023-05-18 12:57:00,290400.0,286900.0,2023-05-18 15:00:39.543343+08:00
2023-05-18 15:35:00,290400.0,286900.0,2023-05-18 16:00:39.967955+08:00
2023-05-19 09:11:00,288400.0,284900.0,2023-05-19 11:00:46.126942+08:00
2023-05-19 11:04:00,289500.0,286000.0,2023-05-19 14:00:45.406167+08:00
2023-05-19 14:29:00,289900.0,286400.0,2023-05-19 16:00:43.426478+08:00
2023-05-20 08:00:00,289900.0,286400.0,2023-05-20 09:00:36.011363+08:00
2023-05-21 08:00:00,289900.0,286400.0,2023-05-21 09:00:40.102102+08:00
2023-05-22 09:07:00,291000.0,287500.0,2023-05-22 13:00:39.471892+08:00
2023-05-22 13:13:00,290600.0,287100.0,2023-05-22 16:00:42.735628+08:00
2023-05-23 09:15:00,290100.0,286600.0,2023-05-23 10:00:45.440613+08:00
2023-05-23 10:42:00,290000.0,286500.0,2023-05-23 16:00:41.234531+08:00
2023-05-24 09:09:00,293300.0,289800.0,2023-05-24 13:00:42.074237+08:00
2023-05-24 13:24:00,293900.0,290400.0,2023-05-24 14:00:42.853415+08:00
2023-05-24 14:43:00,293300.0,289800.0,2023-05-24 16:00:39.017114+08:00
2023-05-25 09:27:00,292400.0,288900.0,2023-05-25 10:00:45.514287+08:00
2023-05-25 10:37:00,293000.0,289500.0,2023-05-25 15:00:43.060592+08:00
2023-05-25 15:39:00,293800.0,290300.0,2023-05-25 16:00:52.664822+08:00
2023-05-26 09:35:00,291700.0,288200.0,2023-05-26 10:00:40.307458+08:00
2023-05-26 10:03:00,292500.0,289000.0,2023-05-26 14:00:37.166620+08:00
2023-05-26 14:42:00,291700.0,288200.0,2023-05-26 15:00:35.562700+08:00
2023-05-26 15:48:00,292400.0,288900.0,2023-05-26 16:00:39.002866+08:00
2023-05-27 08:00:00,292400.0,288900.0,2023-05-27 09:00:40.530741+08:00
2023-05-28 08:00:00,292400.0,288900.0,2023-05-28 09:00:56.556384+08:00
2023-05-29 09:55:00,290500.0,287000.0,2023-05-29 10:00:41.330618+08:00
2023-05-29 10:38:00,290100.0,286600.0,2023-05-29 14:00:53.474007+08:00
2023-05-29 14:14:00,290600.0,287100.0,2023-05-29 16:00:45.076266+08:00
2023-05-30 09:11:00,290300.0,286800.0,2023-05-30 12:00:48.778215+08:00
2023-05-30 12:14:00,289800.0,286300.0,2023-05-30 13:00:49.061789+08:00
2023-05-30 13:51:00,289300.0,285800.0,2023-05-30 15:00:36.649741+08:00
2023-05-30 15:17:00,289700.0,286200.0,2023-05-30 16:00:40.995487+08:00
2023-05-31 09:10:00,292400.0,288900.0,2023-05-31 11:00:43.550937+08:00
2023-05-31 11:41:00,292800.0,289300.0,2023-05-31 13:00:40.514392+08:00
2023-05-31 13:51:00,293500.0,290000.0,2023-05-31 16:00:35.719063+08:00
2023-06-01 09:21:00,293600.0,290100.0,2023-06-01 15:00:40.696259+08:00
2023-06-01 15:53:00,292600.0,289100.0,2023-06-01 16:00:44.912599+08:00
2023-06-02 09:06:00,294500.0,291000.0,2023-06-02 10:00:51.472288+08:00
2023-06-02 10:08:00,294100.0,290600.0,2023-06-02 12:00:43.872567+08:00
2023-06-02 12:08:00,294900.0,291400.0,2023-06-02 14:00:53.148430+08:00
2023-06-02 14:46:00,294200.0,290700.0,2023-06-02 15:00:43.771603+08:00
2023-06-02 15:46:00,293800.0,290300.0,2023-06-02 16:00:44.930089+08:00
2023-06-03 08:00:00,293800.0,290300.0,2023-06-03 09:00:54.238313+08:00
2023-06-04 08:00:00,293800.0,290300.0,2023-06-04 09:00:36.978762+08:00
2023-06-05 08:00:00,293800.0,290300.0,2023-06-05 16:00:43.842539+08:00
2023-06-06 09:15:00,292100.0,288600.0,2023-06-06 10:00:38.551597+08:00
2023-06-06 10:20:00,292600.0,289100.0,2023-06-06 11:00:35.681435+08:00
2023-06-06 11:24:00,292000.0,288500.0,2023-06-06 16:00:45.512615+08:00
2023-06-07 09:08:00,293000.0,289500.0,2023-06-07 15:00:37.805595+08:00
2023-06-07 15:34:00,291800.0,288300.0,2023-06-07 16:00:43.038268+08:00
2023-06-08 09:07:00,290600.0,287100.0,2023-06-08 11:00:44.523945+08:00
2023-06-08 11:14:00,291000.0,287500.0,2023-06-08 16:00:39.706843+08:00
2023-06-09 09:44:00,293700.0,290200.0,2023-06-09 12:00:42.703715+08:00
2023-06-09 12:37:00,293300.0,289800.0,2023-06-09 16:00:35.971435+08:00
2023-06-10 08:00:00,293300.0,289800.0,2023-06-10 09:00:39.945655+08:00
2023-06-11 08:00:00,293300.0,289800.0,2023-06-11 09:00:37.747342+08:00
2023-06-12 09:06:00,293000.0,289500.0,2023-06-12 14:00:43.517570+08:00
2023-06-12 14:37:00,293500.0,290000.0,2023-06-12 16:00:34.781487+08:00
2023-06-13 09:11:00,293500.0,290000.0,2023-06-13 14:00:40.430829+08:00
2023-06-13 14:52:00,294000.0,290500.0,2023-06-13 16:00:38.907064+08:00
2023-06-14 09:07:00,291200.0,287700.0,2023-06-14 10:00:40.634069+08:00
2023-06-14 10:36:00,291600.0,288100.0,2023-06-14 16:00:39.565588+08:00
2023-06-15 09:18:00,290400.0,286900.0,2023-06-15 11:00:36.763619+08:00
2023-06-15 11:48:00,290800.0,287300.0,2023-06-15 14:00:40.738724+08:00
2023-06-15 14:43:00,290300.0,286800.0,2023-06-15 16:00:37.523691+08:00
2023-06-16 09:54:00,293400.0,289900.0,2023-06-16 10:00:36.461124+08:00
2023-06-16 10:45:00,292900.0,289400.0,2023-06-16 14:00:35.161742+08:00
2023-06-16 14:30:00,293400.0,289900.0,2023-06-16 16:00:38.322390+08:00
2023-06-17 08:00:00,293400.0,289900.0,2023-06-17 09:00:33.858577+08:00
2023-06-18 08:00:00,293400.0,289900.0,2023-06-18 09:00:39.518826+08:00
2023-06-19 09:12:00,292900.0,289400.0,2023-06-19 11:00:47.219981+08:00
2023-06-19 11:09:00,292500.0,289000.0,2023-06-19 12:00:38.035332+08:00
2023-06-19 12:22:00,292100.0,288600.0,2023-06-19 13:00:42.452808+08:00
2023-06-19 13:36:00,292700.0,289200.0,2023-06-19 16:00:35.298481+08:00
2023-06-20 09:15:00,293100.0,289600.0,2023-06-20 15:00:36.973780+08:00
2023-06-20 15:41:00,293600.0,290100.0,2023-06-20 16:00:35.403359+08:00
2023-06-21 09:12:00,291900.0,288400.0,2023-06-21 13:00:48.017770+08:00
2023-06-21 13:37:00,291500.0,288000.0,2023-06-21 16:00:35.510562+08:00
2023-06-22 09:08:00,290800.0,287300.0,2023-06-22 11:00:44.862949+08:00
2023-06-22 11:55:00,291200.0,287700.0,2023-06-22 13:00:34.930023+08:00
2023-06-22 13:29:00,290700.0,287200.0,2023-06-22 15:00:42.061351+08:00
2023-06-22 15:31:00,290600.0,287100.0,2023-06-22 16:00:36.770965+08:00
2023-06-23 09:09:00,289600.0,286100.0,2023-06-23 12:00:49.031971+08:00
2023-06-23 12:43:00,290100.0,286600.0,2023-06-23 16:00:46.185248+08:00
2023-06-24 08:00:00,290100.0,286600.0,2023-06-24 09:00:37.701870+08:00
2023-06-25 08:00:00,290100.0,286600.0,2023-06-25 09:00:36.169697+08:00
2023-06-26 09:46:00,292500.0,289000.0,2023-06-26 14:00:35.883100+08:00
2023-06-26 14:41:00,291900.0,288400.0,2023-06-26 15:00:49.734245+08:00
2023-06-26 15:39:00,292500.0,289000.0,2023-06-26 16:00:38.296408+08:00
2023-06-27 09:07:00,291200.0,287700.0,2023-06-27 12:00:40.126793+08:00
2023-06-27 12:27:00,291600.0,288100.0,2023-06-27 13:00:38.912904+08:00
2023-06-27 13:53:00,291100.0,287600.0,2023-06-27 15:00:35.719448+08:00
2023-06-27 15:46:00,291500.0,288000.0,2023-06-27 16:00:41.355744+08:00
2023-06-28 09:07:00,289400.0,285900.0,2023-06-28 10:00:44.404190+08:00
2023-06-28 10:26:00,289800.0,286300.0,2023-06-28 14:00:46.193832+08:00
2023-06-28 14:40:00,289400.0,285900.0,2023-06-28 15:00:46.603655+08:00
2023-06-28 15:41:00,289000.0,285500.0,2023-06-28 16:00:38.057040+08:00
2023-06-29 08:00:00,289000.0,285500.0,2023-06-29 16:00:35.649018+08:00
2023-06-30 09:33:00,289300.0,285800.0,2023-06-30 14:00:42.009075+08:00
2023-06-30 14:19:00,288900.0,285400.0,2023-06-30 16:00:39.278428+08:00
2023-07-01 08:00:00,288900.0,285400.0,2023-07-01 09:00:37.006014+08:00
2023-07-02 08:00:00,288900.0,285400.0,2023-07-02 09:00:37.458423+08:00
2023-07-03 09:10:00,289900.0,286400.0,2023-07-03 12:01:13.092681+08:00
2023-07-03 12:44:00,290300.0,286800.0,2023-07-03 14:00:36.212653+08:00
2023-07-03 14:28:00,289700.0,286200.0,2023-07-03 16:00:38.768976+08:00
2023-07-04 09:16:00,290400.0,286900.0,2023-07-04 14:00:43.771194+08:00
2023-07-04 14:30:00,290800.0,287300.0,2023-07-04 16:00:35.590768+08:00
2023-07-05 09:22:00,290300.0,286800.0,2023-07-05 10:00:40.816105+08:00
2023-07-05 10:03:00,289500.0,286000.0,2023-07-05 13:00:38.052712+08:00
2023-07-05 13:30:00,290100.0,286600.0,2023-07-05 16:00:42.247207+08:00
2023-07-06 09:06:00,289900.0,286400.0,2023-07-06 10:00:48.494151+08:00
2023-07-06 10:56:00,289900.0,286400.0,2023-07-06 11:00:49.850189+08:00
2023-07-06 11:44:00,289400.0,285900.0,2023-07-06 14:00:40.129806+08:00
2023-07-06 14:35:00,289900.0,286400.0,2023-07-06 16:00:50.151694+08:00
2023-07-07 09:09:00,289200.0,285700.0,2023-07-07 14:00:34.134491+08:00
2023-07-07 14:01:00,289700.0,286200.0,2023-07-07 15:00:37.975543+08:00
2023-07-07 15:16:00,289200.0,285700.0,2023-07-07 16:00:37.950774+08:00
2023-07-08 08:00:00,289200.0,285700.0,2023-07-08 09:00:47.186498+08:00
2023-07-09 08:00:00,289200.0,285700.0,2023-07-09 09:00:36.386556+08:00
2023-07-10 09:06:00,290500.0,287000.0,2023-07-10 10:00:39.369099+08:00
2023-07-10 10:04:00,290900.0,287400.0,2023-07-10 16:00:42.428795+08:00
2023-07-11 09:08:00,291100.0,287600.0,2023-07-11 14:00:39.193870+08:00
2023-07-11 14:55:00,292100.0,288600.0,2023-07-11 15:00:42.954293+08:00
2023-07-11 15:12:00,291600.0,288100.0,2023-07-11 16:00:40.726456+08:00
2023-07-12 09:45:00,292200.0,288700.0,2023-07-12 15:00:35.668737+08:00
2023-07-12 15:03:00,291500.0,288000.0,2023-07-12 16:00:36.788840+08:00
2023-07-13 09:06:00,293000.0,289500.0,2023-07-13 13:00:48.258963+08:00
2023-07-13 13:07:00,291700.0,288200.0,2023-07-13 14:00:38.352412+08:00
2023-07-13 14:17:00,292400.0,288900.0,2023-07-13 15:00:34.801022+08:00
2023-07-13 14:59:00,292800.0,289300.0,2023-07-13 16:00:38.306814+08:00
2023-07-14 09:41:00,287900.0,284400.0,2023-07-14 10:00:38.879444+08:00
2023-07-14 10:39:00,288100.0,284600.0,2023-07-14 11:00:35.859938+08:00
2023-07-14 11:23:00,287400.0,283900.0,2023-07-14 14:00:37.269728+08:00
2023-07-14 14:01:00,286800.0,283300.0,2023-07-14 15:00:36.878486+08:00
2023-07-14 15:38:00,287200.0,283700.0,2023-07-14 16:00:34.605273+08:00
2023-07-15 08:00:00,287200.0,283700.0,2023-07-15 09:00:37.095233+08:00
2023-07-16 08:00:00,287200.0,283700.0,2023-07-16 09:00:38.485877+08:00
2023-07-17 09:41:00,287900.0,284400.0,2023-07-17 12:00:44.239242+08:00
2023-07-17 12:51:00,288500.0,285000.0,2023-07-17 16:00:40.601064+08:00
2023-07-18 09:04:00,287700.0,284200.0,2023-07-18 12:00:46.278264+08:00
2023-07-18 12:57:00,288100.0,284600.0,2023-07-18 16:00:41.545213+08:00
2023-07-19 08:00:00,288100.0,284600.0,2023-07-19 16:00:42.529458+08:00
2023-07-20 09:05:00,292200.0,288700.0,2023-07-20 11:00:48.130666+08:00
2023-07-20 11:11:00,292700.0,289200.0,2023-07-20 14:00:34.938326+08:00
2023-07-20 14:04:00,292100.0,288600.0,2023-07-20 16:00:44.116921+08:00
2023-07-21 09:10:00,291000.0,287500.0,2023-07-21 11:00:41.957233+08:00
2023-07-21 11:25:00,290600.0,287100.0,2023-07-21 16:00:38.828100+08:00
2023-07-22 08:00:00,290600.0,287100.0,2023-07-22 09:00:36.674587+08:00
2023-07-23 08:00:00,290600.0,287100.0,2023-07-23 09:00:34.571848+08:00
2023-07-24 09:47:00,290700.0,287200.0,2023-07-24 16:00:40.774426+08:00
2023-07-25 09:06:00,289800.0,286300.0,2023-07-25 10:00:36.086161+08:00
2023-07-25 10:05:00,290300.0,286800.0,2023-07-25 16:01:07.084951+08:00
2023-07-26 09:17:00,290400.0,286900.0,2023-07-26 14:00:41.575247+08:00
2023-07-26 14:25:00,290800.0,287300.0,2023-07-26 16:00:41.320036+08:00
2023-07-27 09:14:00,289600.0,286100.0,2023-07-27 10:00:49.909969+08:00
2023-07-27 10:19:00,290200.0,286700.0,2023-07-27 14:00:37.605122+08:00
2023-07-27 14:07:00,289800.0,286300.0,2023-07-27 16:00:42.321912+08:00
2023-07-28 09:10:00,287100.0,283600.0,2023-07-28 10:00:53.896590+08:00
2023-07-28 10:30:00,287600.0,284100.0,2023-07-28 16:00:34.400882+08:00
2023-07-29 08:00:00,287600.0,284100.0,2023-07-29 09:00:34.648001+08:00
2023-07-30 08:00:00,287600.0,284100.0,2023-07-30 09:00:38.573399+08:00
2023-07-31 09:10:00,288500.0,285000.0,2023-07-31 12:00:49.937953+08:00
2023-07-31 12:12:00,287200.0,283700.0,2023-07-31 13:00:36.967459+08:00
2023-07-31 13:16:00,286700.0,283200.0,2023-07-31 15:00:46.859349+08:00
2023-07-31 15:48:00,284700.0,281200.0,2023-07-31 16:00:35.217136+08:00
2023-08-01 09:09:00,287000.0,283500.0,2023-08-01 13:00:39.307832+08:00
2023-08-01 13:43:00,286600.0,283100.0,2023-08-01 14:00:42.556225+08:00
2023-08-01 14:25:00,286100.0,282600.0,2023-08-01 16:00:45.431918+08:00
2023-08-02 09:24:00,285900.0,282400.0,2023-08-02 11:00:41.892833+08:00
2023-08-02 11:46:00,286600.0,283100.0,2023-08-02 16:00:42.325832+08:00
2023-08-03 09:07:00,286100.0,282600.0,2023-08-03 11:00:40.360280+08:00
2023-08-03 11:10:00,285600.0,282100.0,2023-08-03 16:00:38.039729+08:00
2023-08-04 09:08:00,285100.0,281600.0,2023-08-04 16:00:51.912061+08:00
2023-08-05 08:00:00,285100.0,281600.0,2023-08-05 09:00:40.669383+08:00
2023-08-06 08:00:00,285100.0,281600.0,2023-08-06 09:00:37.354225+08:00
2023-08-07 09:22:00,286400.0,282900.0,2023-08-07 14:00:36.383705+08:00
2023-08-07 14:19:00,285900.0,282400.0,2023-08-07 16:00:45.163351+08:00
2023-08-08 09:18:00,286400.0,282900.0,2023-08-08 15:00:37.088191+08:00
2023-08-08 15:35:00,287000.0,283500.0,2023-08-08 16:00:57.884691+08:00
2023-08-09 09:05:00,286100.0,282600.0,2023-08-09 12:00:39.032592+08:00
2023-08-09 12:57:00,286500.0,283000.0,2023-08-09 14:00:49.550639+08:00
2023-08-09 14:53:00,286100.0,282600.0,2023-08-09 16:00:36.613152+08:00
2023-08-10 09:09:00,284200.0,280700.0,2023-08-10 16:00:46.602405+08:00
2023-08-11 09:12:00,284100.0,280600.0,2023-08-11 14:00:41.699806+08:00
2023-08-11 14:05:00,284700.0,281200.0,2023-08-11 16:00:36.873978+08:00
2023-08-12 08:00:00,284700.0,281200.0,2023-08-12 09:00:37.297791+08:00
2023-08-13 08:00:00,284700.0,281200.0,2023-08-13 09:00:35.742116+08:00
2023-08-14 09:11:00,285000.0,281500.0,2023-08-14 11:00:37.242699+08:00
2023-08-14 11:48:00,285800.0,282300.0,2023-08-14 16:00:36.206920+08:00
2023-08-15 09:13:00,286000.0,282500.0,2023-08-15 16:00:48.159211+08:00
2023-08-16 09:17:00,286100.0,282600.0,2023-08-16 13:00:42.990927+08:00
2023-08-16 13:45:00,286600.0,283100.0,2023-08-16 15:00:38.628290+08:00
2023-08-16 15:07:00,286100.0,282600.0,2023-08-16 16:00:41.257186+08:00
2023-08-17 09:10:00,284700.0,281200.0,2023-08-17 11:00:42.477689+08:00
2023-08-17 11:43:00,285200.0,281700.0,2023-08-17 15:00:34.805943+08:00
2023-08-17 15:08:00,285600.0,282100.0,2023-08-17 16:00:43.814873+08:00
2023-08-18 09:12:00,284600.0,281100.0,2023-08-18 10:00:36.364053+08:00
2023-08-18 10:49:00,285000.0,281500.0,2023-08-18 16:00:39.245285+08:00
2023-08-19 08:00:00,285000.0,281500.0,2023-08-19 09:00:38.154430+08:00
2023-08-20 08:00:00,285000.0,281500.0,2023-08-20 09:00:44.087990+08:00
2023-08-21 09:09:00,284700.0,281200.0,2023-08-21 10:00:43.980345+08:00
2023-08-21 10:41:00,284800.0,281300.0,2023-08-21 12:00:38.389867+08:00
2023-08-21 12:08:00,285200.0,281700.0,2023-08-21 13:00:43.036236+08:00
2023-08-21 13:15:00,285600.0,282100.0,2023-08-21 14:00:35.711017+08:00
2023-08-21 13:59:00,284800.0,281300.0,2023-08-21 16:00:47.801361+08:00
2023-08-22 09:07:00,285600.0,282100.0,2023-08-22 14:00:38.158338+08:00
2023-08-22 14:24:00,286000.0,282500.0,2023-08-22 16:00:37.939643+08:00
2023-08-23 09:06:00,286700.0,283200.0,2023-08-23 13:00:37.369338+08:00
2023-08-23 13:45:00,287100.0,283600.0,2023-08-23 16:00:35.211153+08:00
2023-08-24 09:05:00,288700.0,285200.0,2023-08-24 11:00:34.448627+08:00
2023-08-24 11:30:00,289100.0,285600.0,2023-08-24 16:00:36.858169+08:00
2023-08-25 09:05:00,289000.0,285500.0,2023-08-25 11:00:39.173578+08:00
2023-08-25 11:43:00,288500.0,285000.0,2023-08-25 16:00:45.355400+08:00
2023-08-26 08:00:00,288500.0,285000.0,2023-08-26 09:00:40.441227+08:00
2023-08-27 08:00:00,288500.0,285000.0,2023-08-27 09:00:34.638205+08:00
2023-08-28 09:11:00,288200.0,284700.0,2023-08-28 12:00:50.714037+08:00
2023-08-28 11:58:00,288800.0,285300.0,2023-08-28 16:00:45.936258+08:00
2023-08-29 09:16:00,289700.0,286200.0,2023-08-29 11:00:40.079923+08:00
2023-08-29 11:29:00,290100.0,286600.0,2023-08-29 15:00:37.491999+08:00
2023-08-29 15:52:00,289700.0,286200.0,2023-08-29 16:00:41.795166+08:00
2023-08-30 09:10:00,291000.0,287500.0,2023-08-30 16:00:39.264302+08:00
2023-08-31 08:00:00,291000.0,287500.0,2023-08-31 16:00:41.624670+08:00
2023-09-01 09:12:00,291400.0,287900.0,2023-09-01 10:00:44.810152+08:00
2023-09-01 10:04:00,291900.0,288400.0,2023-09-01 16:00:44.605613+08:00
2023-09-02 08:00:00,291900.0,288400.0,2023-09-02 09:00:41.522304+08:00
2023-09-03 08:00:00,291900.0,288400.0,2023-09-03 09:00:45.329476+08:00
2023-09-04 09:05:00,292700.0,289200.0,2023-09-04 10:00:39.124368+08:00
2023-09-04 09:57:00,293300.0,289800.0,2023-09-04 16:00:34.903722+08:00
2023-09-05 09:17:00,292500.0,289000.0,2023-09-05 16:00:40.356710+08:00
2023-09-06 09:16:00,291600.0,288100.0,2023-09-06 16:00:41.315611+08:00
2023-09-07 09:13:00,290600.0,287100.0,2023-09-07 11:00:41.008963+08:00
2023-09-07 11:08:00,291000.0,287500.0,2023-09-07 16:00:42.053628+08:00
2023-09-08 09:10:00,291400.0,287900.0,2023-09-08 10:00:38.547873+08:00
2023-09-08 10:04:00,291900.0,288400.0,2023-09-08 16:00:41.767197+08:00
2023-09-09 08:00:00,291900.0,288400.0,2023-09-09 09:00:37.234374+08:00
2023-09-10 08:00:00,291900.0,288400.0,2023-09-10 09:00:43.392958+08:00
2023-09-11 09:20:00,290800.0,287300.0,2023-09-11 10:00:38.635103+08:00
2023-09-11 10:19:00,291300.0,287800.0,2023-09-11 13:00:41.004983+08:00
2023-09-11 13:26:00,291900.0,288400.0,2023-09-11 15:00:45.475715+08:00
2023-09-11 15:18:00,292300.0,288800.0,2023-09-11 16:00:37.689192+08:00
2023-09-12 09:06:00,291000.0,287500.0,2023-09-12 11:00:39.071665+08:00
2023-09-12 11:30:00,291500.0,288000.0,2023-09-12 14:00:35.522328+08:00
2023-09-12 14:26:00,290900.0,287400.0,2023-09-12 16:00:36.233071+08:00
2023-09-13 09:19:00,289700.0,286200.0,2023-09-13 16:00:44.223922+08:00
2023-09-14 09:10:00,289900.0,286400.0,2023-09-14 14:00:42.225843+08:00
2023-09-14 14:24:00,289400.0,285900.0,2023-09-14 16:00:42.040457+08:00
2023-09-15 09:12:00,290200.0,286700.0,2023-09-15 10:00:39.728245+08:00
2023-09-15 09:58:00,290800.0,287300.0,2023-09-15 16:00:40.076402+08:00
2023-09-16 08:00:00,290800.0,287300.0,2023-09-16 09:00:41.883045+08:00
2023-09-17 08:00:00,290800.0,287300.0,2023-09-17 09:00:36.578695+08:00
2023-09-18 09:08:00,292000.0,288500.0,2023-09-18 10:00:53.040203+08:00
2023-09-18 10:13:00,292500.0,289000.0,2023-09-18 11:00:42.173800+08:00
2023-09-18 11:34:00,292900.0,289400.0,2023-09-18 16:00:44.875190+08:00
2023-09-19 09:08:00,293800.0,290300.0,2023-09-19 16:00:43.186129+08:00
2023-09-20 09:09:00,293700.0,290200.0,2023-09-20 15:00:36.845747+08:00
2023-09-20 15:52:00,293000.0,289500.0,2023-09-20 16:00:43.062660+08:00
2023-09-21 09:25:00,292900.0,289400.0,2023-09-21 16:00:37.089379+08:00
2023-09-22 09:19:00,292300.0,288800.0,2023-09-22 16:00:46.919537+08:00
2023-09-23 08:00:00,292300.0,288800.0,2023-09-23 09:00:42.556329+08:00
2023-09-24 08:00:00,292300.0,288800.0,2023-09-24 09:00:39.011284+08:00
2023-09-25 09:12:00,292300.0,288800.0,2023-09-25 12:00:36.579813+08:00
2023-09-25 12:30:00,291900.0,288400.0,2023-09-25 15:00:41.683715+08:00
2023-09-25 15:40:00,292100.0,288600.0,2023-09-25 16:00:39.715885+08:00
2023-09-26 09:17:00,290800.0,287300.0,2023-09-26 16:00:45.741387+08:00
2023-09-27 09:39:00,290100.0,286600.0,2023-09-27 12:00:41.294461+08:00
2023-09-27 12:02:00,289700.0,286200.0,2023-09-27 14:00:47.299847+08:00
2023-09-27 14:47:00,289300.0,285800.0,2023-09-27 16:00:42.529073+08:00
2023-09-28 08:00:00,289300.0,285800.0,2023-09-28 16:00:48.069077+08:00
2023-09-29 09:07:00,283900.0,280400.0,2023-09-29 11:00:36.648805+08:00
2023-09-29 11:14:00,283300.0,279800.0,2023-09-29 14:00:38.074903+08:00
2023-09-29 14:05:00,283800.0,280300.0,2023-09-29 16:00:39.967558+08:00
2023-09-30 08:00:00,283800.0,280300.0,2023-09-30 09:00:39.138847+08:00
2023-10-01 08:00:00,283800.0,280300.0,2023-10-01 09:00:41.032841+08:00
2023-10-02 09:57:00,280900.0,277400.0,2023-10-02 12:00:41.154387+08:00
2023-10-02 12:40:00,281300.0,277800.0,2023-10-02 13:00:43.792919+08:00
2023-10-02 13:57:00,280900.0,277400.0,2023-10-02 14:00:50.223359+08:00
2023-10-02 14:51:00,281500.0,278000.0,2023-10-02 15:00:36.813771+08:00
2023-10-02 15:50:00,280900.0,277400.0,2023-10-02 16:00:35.519510+08:00
2023-10-03 09:08:00,279400.0,275900.0,2023-10-03 10:00:42.301506+08:00
2023-10-03 10:26:00,278600.0,275100.0,2023-10-03 14:00:41.206781+08:00
2023-10-03 14:27:00,279100.0,275600.0,2023-10-03 16:00:39.563672+08:00
2023-10-04 09:09:00,279300.0,275800.0,2023-10-04 16:00:39.787792+08:00
2023-10-05 09:05:00,279700.0,276200.0,2023-10-05 16:00:48.658104+08:00
2023-10-06 09:10:00,278800.0,275300.0,2023-10-06 14:00:40.732919+08:00
2023-10-06 14:48:00,278400.0,274900.0,2023-10-06 16:00:40.374411+08:00
2023-10-07 08:00:00,278400.0,274900.0,2023-10-07 09:00:36.411115+08:00
2023-10-08 08:00:00,278400.0,274900.0,2023-10-08 09:00:41.795392+08:00
2023-10-09 09:52:00,283200.0,279700.0,2023-10-09 13:00:39.120968+08:00
2023-10-09 13:49:00,283700.0,280200.0,2023-10-09 16:00:40.294426+08:00
2023-10-10 09:10:00,285700.0,282200.0,2023-10-10 14:00:37.752053+08:00
2023-10-10 14:38:00,285300.0,281800.0,2023-10-10 16:00:36.115033+08:00
2023-10-11 09:07:00,284900.0,281400.0,2023-10-11 15:00:37.458774+08:00
2023-10-11 15:01:00,285400.0,281900.0,2023-10-11 16:00:39.034877+08:00
2023-10-12 09:12:00,286900.0,283400.0,2023-10-12 10:00:41.350753+08:00
2023-10-12 10:44:00,287300.0,283800.0,2023-10-12 14:01:20.102015+08:00
2023-10-12 14:49:00,287800.0,284300.0,2023-10-12 16:00:39.836491+08:00
2023-10-13 09:19:00,287100.0,283600.0,2023-10-13 12:00:42.581259+08:00
2023-10-13 12:21:00,287500.0,284000.0,2023-10-13 14:00:43.275657+08:00
2023-10-13 13:58:00,287900.0,284400.0,2023-10-13 16:00:44.156731+08:00
2023-10-14 08:00:00,287900.0,284400.0,2023-10-14 09:00:45.009503+08:00
2023-10-15 08:00:00,287900.0,284400.0,2023-10-15 09:00:37.903493+08:00
2023-10-16 09:19:00,295400.0,291900.0,2023-10-16 11:00:40.530260+08:00
2023-10-16 11:03:00,294900.0,291400.0,2023-10-16 13:00:40.871277+08:00
2023-10-16 13:58:00,294100.0,290600.0,2023-10-16 14:00:44.433559+08:00
2023-10-16 14:52:00,293300.0,289800.0,2023-10-16 15:00:35.832698+08:00
2023-10-16 15:44:00,293400.0,289900.0,2023-10-16 16:00:35.312223+08:00
2023-10-17 09:10:00,293800.0,290300.0,2023-10-17 14:00:50.932011+08:00
2023-10-17 14:13:00,294300.0,290800.0,2023-10-17 16:00:47.831150+08:00
2023-10-18 09:37:00,298100.0,294600.0,2023-10-18 11:00:40.783225+08:00
2023-10-18 11:05:00,297500.0,294000.0,2023-10-18 13:00:35.694415+08:00
2023-10-18 13:31:00,298100.0,294600.0,2023-10-18 14:00:40.050323+08:00
2023-10-18 14:14:00,297700.0,294200.0,2023-10-18 16:00:35.986811+08:00
2023-10-19 09:49:00,300400.0,296900.0,2023-10-19 15:00:38.358187+08:00
2023-10-19 15:33:00,301200.0,297700.0,2023-10-19 16:00:42.851318+08:00
2023-10-20 09:08:00,305900.0,302400.0,2023-10-20 10:00:36.102149+08:00
2023-10-20 10:37:00,306400.0,302900.0,2023-10-20 11:00:38.540036+08:00
2023-10-20 11:24:00,306000.0,302500.0,2023-10-20 14:00:37.417057+08:00
2023-10-20 14:39:00,305500.0,302000.0,2023-10-20 16:00:38.399119+08:00
2023-10-21 08:00:00,305500.0,302000.0,2023-10-21 09:00:46.137955+08:00
2023-10-22 08:00:00,305500.0,302000.0,2023-10-22 09:00:40.975674+08:00
2023-10-23 09:29:00,303300.0,300600.0,2023-10-23 10:00:45.330705+08:00
2023-10-23 10:36:00,304100.0,301400.0,2023-10-23 11:00:36.489567+08:00
2023-10-23 11:05:00,304800.0,302100.0,2023-10-23 15:00:38.206524+08:00
2023-10-23 15:11:00,305200.0,302500.0,2023-10-23 16:00:37.531758+08:00
2023-10-24 09:21:00,305500.0,302800.0,2023-10-24 10:00:43.412280+08:00
2023-10-24 10:33:00,305900.0,303200.0,2023-10-24 11:00:42.064923+08:00
2023-10-24 11:03:00,305300.0,302600.0,2023-10-24 16:00:41.970082+08:00
2023-10-25 09:07:00,305400.0,302700.0,2023-10-25 10:00:40.530142+08:00
2023-10-25 10:37:00,304600.0,301900.0,2023-10-25 11:00:33.664934+08:00
2023-10-25 11:39:00,304100.0,301400.0,2023-10-25 12:00:33.515152+08:00
2023-10-25 12:33:00,304500.0,301800.0,2023-10-25 16:00:34.725751+08:00
2023-10-26 09:06:00,306700.0,304000.0,2023-10-26 11:00:33.193674+08:00
2023-10-26 11:56:00,307200.0,304500.0,2023-10-26 16:00:45.009439+08:00
2023-10-27 09:08:00,306200.0,303500.0,2023-10-27 10:00:38.925655+08:00
2023-10-27 10:19:00,306700.0,304000.0,2023-10-27 16:00:40.791108+08:00
2023-10-28 08:00:00,306700.0,304000.0,2023-10-28 09:00:38.568554+08:00
2023-10-29 08:00:00,306700.0,304000.0,2023-10-29 09:00:36.842085+08:00
2023-10-30 09:29:00,307900.0,305200.0,2023-10-30 11:00:37.903659+08:00
2023-10-30 11:29:00,307500.0,304800.0,2023-10-30 15:00:39.730969+08:00
2023-10-30 15:14:00,307000.0,304300.0,2023-10-30 16:00:43.621495+08:00
2023-10-31 09:12:00,306600.0,303900.0,2023-10-31 11:00:37.523083+08:00
2023-10-31 11:39:00,307000.0,304300.0,2023-10-31 16:00:41.302686+08:00
2023-11-01 09:24:00,305000.0,302300.0,2023-11-01 10:00:39.677934+08:00
2023-11-01 10:19:00,305400.0,302700.0,2023-11-01 12:00:35.793612+08:00
2023-11-01 12:39:00,304900.0,302200.0,2023-11-01 14:00:43.976397+08:00
2023-11-01 14:55:00,305500.0,302800.0,2023-11-01 16:00:42.261111+08:00
2023-11-02 09:11:00,304900.0,302200.0,2023-11-02 16:00:35.573227+08:00
2023-11-03 09:14:00,304600.0,301900.0,2023-11-03 10:00:39.425810+08:00
2023-11-03 10:55:00,304200.0,301500.0,2023-11-03 16:00:37.212632+08:00
2023-11-04 08:00:00,304200.0,301500.0,2023-11-04 09:00:40.398825+08:00
2023-11-05 08:00:00,304200.0,301500.0,2023-11-05 09:00:34.912615+08:00
2023-11-06 09:54:00,301600.0,298900.0,2023-11-06 10:00:35.664444+08:00
2023-11-06 10:48:00,300200.0,297500.0,2023-11-06 11:00:40.113767+08:00
2023-11-06 11:52:00,299000.0,296300.0,2023-11-06 15:00:34.277655+08:00
2023-11-06 15:11:00,298400.0,295700.0,2023-11-06 16:00:43.059733+08:00
2023-11-07 09:23:00,296900.0,294200.0,2023-11-07 10:00:34.840498+08:00
2023-11-07 10:35:00,297400.0,294700.0,2023-11-07 11:00:34.275654+08:00
2023-11-07 11:05:00,297000.0,294300.0,2023-11-07 13:00:35.417376+08:00
2023-11-07 12:58:00,297500.0,294800.0,2023-11-07 16:00:38.182962+08:00
2023-11-08 09:12:00,296700.0,294000.0,2023-11-08 14:00:46.492428+08:00
2023-11-08 14:38:00,297500.0,294800.0,2023-11-08 15:00:35.539600+08:00
2023-11-08 15:33:00,298200.0,295500.0,2023-11-08 16:00:33.285598+08:00
2023-11-09 09:41:00,295500.0,292800.0,2023-11-09 10:00:39.704070+08:00
2023-11-09 10:31:00,295000.0,292300.0,2023-11-09 15:00:34.257319+08:00
2023-11-09 15:06:00,295400.0,292700.0,2023-11-09 16:00:36.756289+08:00
2023-11-10 09:15:00,299200.0,296500.0,2023-11-10 10:00:36.374796+08:00
2023-11-10 10:38:00,298600.0,295900.0,2023-11-10 15:00:41.613910+08:00
2023-11-10 15:31:00,297800.0,295100.0,2023-11-10 16:00:47.631477+08:00
2023-11-11 08:00:00,297800.0,295100.0,2023-11-11 09:00:36.112636+08:00
2023-11-12 08:00:00,297800.0,295100.0,2023-11-12 09:00:34.215348+08:00
2023-11-13 08:00:00,297800.0,295100.0,2023-11-13 16:00:36.369268+08:00
2023-11-14 09:08:00,296100.0,293400.0,2023-11-14 11:00:41.706520+08:00
2023-11-14 11:00:00,296900.0,294200.0,2023-11-14 12:00:43.286028+08:00
2023-11-14 12:10:00,296400.0,293700.0,2023-11-14 14:00:33.855136+08:00
2023-11-14 14:31:00,296900.0,294200.0,2023-11-14 16:00:37.414437+08:00
2023-11-15 09:08:00,295400.0,292700.0,2023-11-15 10:00:40.479544+08:00
2023-11-15 10:20:00,296100.0,293400.0,2023-11-15 14:00:35.839847+08:00
2023-11-15 14:50:00,296900.0,294200.0,2023-11-15 16:00:34.008971+08:00
2023-11-16 09:36:00,297500.0,294800.0,2023-11-16 10:00:32.860269+08:00
2023-11-16 10:16:00,298100.0,295400.0,2023-11-16 11:00:34.345572+08:00
2023-11-16 11:02:00,298700.0,296000.0,2023-11-16 16:00:38.172246+08:00
2023-11-17 09:41:00,299900.0,297200.0,2023-11-17 11:00:33.793574+08:00
2023-11-17 11:09:00,300500.0,297800.0,2023-11-17 14:00:38.647024+08:00
2023-11-17 14:52:00,300100.0,297400.0,2023-11-17 16:00:33.156808+08:00
2023-11-18 08:00:00,300100.0,297400.0,2023-11-18 09:00:39.010315+08:00
2023-11-19 08:00:00,300100.0,297400.0,2023-11-19 09:00:33.475469+08:00
2023-11-20 09:33:00,300000.0,297300.0,2023-11-20 10:00:35.321630+08:00
2023-11-20 10:09:00,299400.0,296700.0,2023-11-20 11:00:37.210315+08:00
2023-11-20 11:51:00,298800.0,296100.0,2023-11-20 15:00:33.023271+08:00
2023-11-20 15:41:00,298400.0,295700.0,2023-11-20 16:00:43.123473+08:00
2023-11-21 09:45:00,298600.0,295900.0,2023-11-21 12:00:33.736688+08:00
2023-11-21 11:59:00,299200.0,296500.0,2023-11-21 16:00:35.592266+08:00
2023-11-22 09:07:00,301100.0,298400.0,2023-11-22 14:00:31.852039+08:00
2023-11-22 14:27:00,302200.0,299500.0,2023-11-22 15:00:31.863344+08:00
2023-11-22 15:17:00,302800.0,300100.0,2023-11-22 16:00:43.363938+08:00
2023-11-23 09:23:00,301800.0,299100.0,2023-11-23 10:00:32.000900+08:00
2023-11-23 10:18:00,302400.0,299700.0,2023-11-23 14:00:33.082304+08:00
2023-11-23 14:52:00,301700.0,299000.0,2023-11-23 16:00:33.907427+08:00
2023-11-24 09:09:00,301700.0,299000.0,2023-11-24 16:00:32.527209+08:00
2023-11-25 08:00:00,301700.0,299000.0,2023-11-25 09:00:34.617362+08:00
2023-11-26 08:00:00,301700.0,299000.0,2023-11-26 09:00:33.697467+08:00
2023-11-27 09:35:00,304300.0,301600.0,2023-11-27 10:00:35.754763+08:00
2023-11-27 10:20:00,303700.0,301000.0,2023-11-27 11:00:36.521120+08:00
2023-11-28 09:55:00,304000.0,301300.0,2023-11-29 00:58:13.905982+08:00
2023-11-29 09:13:00,307200.0,304500.0,2023-11-29 14:00:33.460401+08:00
2023-11-29 14:32:00,306800.0,304100.0,2023-11-29 16:00:32.055374+08:00
2023-11-30 09:17:00,307500.0,304800.0,2023-11-30 10:00:38.439198+08:00
2023-11-30 10:50:00,307100.0,304400.0,2023-11-30 16:00:31.873208+08:00
2023-12-01 09:06:00,308000.0,305300.0,2023-12-01 10:00:33.054176+08:00
2023-12-01 10:43:00,308300.0,305600.0,2023-12-01 14:00:35.229908+08:00
2023-12-01 14:01:00,308800.0,306100.0,2023-12-01 16:00:56.029442+08:00
2023-12-02 08:00:00,308800.0,306100.0,2023-12-02 09:00:30.206386+08:00
2023-12-03 08:00:00,308800.0,306100.0,2023-12-03 09:00:35.617344+08:00
2023-12-04 09:48:00,314100.0,311400.0,2023-12-04 13:00:36.524788+08:00
2023-12-04 13:37:00,314500.0,311800.0,2023-12-04 14:00:34.530093+08:00
2023-12-04 14:58:00,312000.0,309300.0,2023-12-04 16:00:39.045695+08:00
2023-12-05 09:12:00,307100.0,304400.0,2023-12-05 10:00:33.256362+08:00
2023-12-05 10:52:00,306700.0,304000.0,2023-12-05 16:00:33.666534+08:00
2023-12-06 09:18:00,305300.0,302600.0,2023-12-06 14:00:38.162050+08:00
2023-12-06 14:36:00,305700.0,303000.0,2023-12-06 16:00:37.824682+08:00
2023-12-07 09:13:00,306200.0,303500.0,2023-12-07 10:00:31.305641+08:00
